<?xml version="1.0" encoding="UTF-8"?>
<project-private xmlns="http://www.netbeans.org/ns/project-private/1">
    <editor-bookmarks xmlns="http://www.netbeans.org/ns/editor-bookmarks/2" lastBookmarkId="0"/>
    <open-files xmlns="http://www.netbeans.org/ns/projectui-open-files/2">
        <group>
            <file>file:/C:/Users/txy20/Desktop/uni/Degree%20Year%202%20(Sem1)/Object%20Oriented%20Development%20with%20Java/Assignment/CarRentalSystem/src/carrentalsystem/CarInfo.txt</file>
            <file>file:/C:/Users/txy20/Desktop/uni/Degree%20Year%202%20(Sem1)/Object%20Oriented%20Development%20with%20Java/Assignment/CarRentalSystem/src/carrentalsystem/UpdateProfile.java</file>
            <file>file:/C:/Users/txy20/Desktop/uni/Degree%20Year%202%20(Sem1)/Object%20Oriented%20Development%20with%20Java/Assignment/CarRentalSystem/src/carrentalsystem/Car.java</file>
            <file>file:/C:/Users/txy20/Desktop/uni/Degree%20Year%202%20(Sem1)/Object%20Oriented%20Development%20with%20Java/Assignment/CarRentalSystem/src/carrentalsystem/Registration_Cust.java</file>
            <file>file:/C:/Users/txy20/Desktop/uni/Degree%20Year%202%20(Sem1)/Object%20Oriented%20Development%20with%20Java/Assignment/CarRentalSystem/src/carrentalsystem/CustomerBooking.java</file>
            <file>file:/C:/Users/txy20/Desktop/uni/Degree%20Year%202%20(Sem1)/Object%20Oriented%20Development%20with%20Java/Assignment/CarRentalSystem/src/carrentalsystem/CusBooking.txt</file>
            <file>file:/C:/Users/txy20/Desktop/uni/Degree%20Year%202%20(Sem1)/Object%20Oriented%20Development%20with%20Java/Assignment/CarRentalSystem/src/carrentalsystem/Booking.java</file>
            <file>file:/C:/Users/txy20/Desktop/uni/Degree%20Year%202%20(Sem1)/Object%20Oriented%20Development%20with%20Java/Assignment/CarRentalSystem/src/carrentalsystem/LoginPage.java</file>
            <file>file:/C:/Users/txy20/Desktop/uni/Degree%20Year%202%20(Sem1)/Object%20Oriented%20Development%20with%20Java/Assignment/CarRentalSystem/src/carrentalsystem/MakePayment.java</file>
            <file>file:/C:/Users/txy20/Desktop/uni/Degree%20Year%202%20(Sem1)/Object%20Oriented%20Development%20with%20Java/Assignment/CarRentalSystem/src/carrentalsystem/MainPage.java</file>
            <file>file:/C:/Users/txy20/Desktop/uni/Degree%20Year%202%20(Sem1)/Object%20Oriented%20Development%20with%20Java/Assignment/CarRentalSystem/src/carrentalsystem/Admin.java</file>
            <file>file:/C:/Users/txy20/Desktop/uni/Degree%20Year%202%20(Sem1)/Object%20Oriented%20Development%20with%20Java/Assignment/CarRentalSystem/src/carrentalsystem/User.txt</file>
            <file>file:/C:/Users/txy20/Desktop/uni/Degree%20Year%202%20(Sem1)/Object%20Oriented%20Development%20with%20Java/Assignment/CarRentalSystem/src/carrentalsystem/User.java</file>
            <file>file:/C:/Users/txy20/Desktop/uni/Degree%20Year%202%20(Sem1)/Object%20Oriented%20Development%20with%20Java/Assignment/CarRentalSystem/src/carrentalsystem/loginActivity.txt</file>
            <file>file:/C:/Users/txy20/Desktop/uni/Degree%20Year%202%20(Sem1)/Object%20Oriented%20Development%20with%20Java/Assignment/CarRentalSystem/src/carrentalsystem/AdminMenu.java</file>
        </group>
    </open-files>
</project-private>
